longitude,latitude
-72.31,41.82
-72.31,41.82
-72.31,41.82
-72.31,41.82
-72.31,41.82
-72.31,41.82
-72.31,41.82
-72.31,41.82
-72.31,41.82
-72.31,41.82
-72.31,41.82
-72.31,41.82
-72.31,41.82
-72.31,41.82
-72.31,41.82
-72.31,41.82
-72.31,41.82
-72.31,41.82
-72.31,41.82
-72.31,41.82
-72.31,41.82
-72.31,41.82
-72.31,41.82
-72.31,41.82
-72.31,41.82
-72.31,41.82
-72.31,41.82
-72.31,41.82
-72.31,41.82
-72.31,41.82
-72.31,41.82
-72.31,41.82
-72.31,41.82
-72.31,41.82
-72.31,41.82
-72.31,41.82
-72.31,41.82
-72.31,41.82
-72.31,41.82
-72.31,41.82
-72.31,41.82
-72.31,41.82
-72.31,41.82
-72.31,41.82
-72.31,41.82
-72.31,41.82
-72.31,41.82
-72.31,41.82
-72.31,41.82
-72.31,41.82
-122.61,48.45
-122.61,48.45
-122.61,48.45
-122.61,48.45
-122.61,48.45
-122.61,48.45
-122.61,48.45
-122.61,48.45
-122.61,48.45
-122.61,48.45
-122.61,48.45
-122.61,48.45
-122.61,48.45
-122.61,48.45
-122.61,48.45
-122.61,48.45
-122.61,48.45
-122.61,48.45
-122.61,48.45
-122.61,48.45
-122.61,48.45
-122.61,48.45
-122.61,48.45
-122.61,48.45
-122.61,48.45
-122.61,48.45
-122.61,48.45
-122.61,48.45
-122.61,48.45
-122.61,48.45
-122.61,48.45
-122.61,48.45
-122.61,48.45
-122.61,48.45
-122.61,48.45
-122.61,48.45
-122.61,48.45
-122.61,48.45
-122.61,48.45
-122.61,48.45
-122.61,48.45
-122.61,48.45
-122.61,48.45
-122.61,48.45
-122.61,48.45
-122.61,48.45
-122.61,48.45
-122.61,48.45
-122.61,48.45
-122.61,48.45
-122.61,48.45
-122.61,48.45
-122.61,48.45
-122.61,48.45
-122.61,48.45
-122.61,48.45
-122.61,48.45
-122.61,48.45
-122.61,48.45
-122.61,48.45
-122.61,48.45
-122.61,48.45
-122.61,48.45
-122.61,48.45
-122.61,48.45
-122.61,48.45
-122.61,48.45
-122.61,48.45
-122.61,48.45
-122.61,48.45
-122.61,48.45
-122.61,48.45
-122.61,48.45
-122.61,48.45
-122.61,48.45
-122.61,48.45
-122.61,48.45
-122.61,48.45
-122.61,48.45
-122.61,48.45
-118.41,33.95
-118.41,33.95
-118.41,33.95
-118.41,33.95
-118.41,33.95
-118.41,33.95
-118.41,33.95
-118.41,33.95
-118.41,33.95
-118.41,33.95
-118.41,33.95
-118.41,33.95
-118.41,33.95
-118.41,33.95
-118.41,33.95
-118.41,33.95
-98.52,31.49
-98.52,31.49
-98.52,31.49
-98.52,31.49
-98.52,31.49
-98.52,31.49
-72.31,41.02
-72.31,41.02
-72.31,41.02
-72.31,41.02
-72.31,41.02
-72.31,41.02
-72.31,41.02
-72.31,41.02
-72.31,41.02
-72.31,41.02
-72.31,41.02
-72.31,41.02
-117.28,32.82
-117.28,32.82
-117.28,32.82
-117.28,32.82
-117.28,32.82
-117.28,32.82
-117.28,32.82
-117.28,32.82
-117.28,32.82
-117.28,32.82
-117.28,32.82
-117.28,32.82
-117.28,32.82
-117.28,32.82
-99.43,27.54
-99.43,27.54
-99.43,27.54
-99.43,27.54
-99.43,27.54
-99.43,27.54
-99.43,27.54
-99.43,27.54
-99.43,27.54
-80.87,41.14
-80.87,41.14
-80.87,41.14
-80.87,41.14
-80.87,41.14
-80.87,41.14
-80.87,41.14
-80.87,41.14
-80.87,41.14
-80.87,41.14
-80.87,41.14
-80.87,41.14
-87.64,41.91
-87.64,41.91
-87.64,41.91
-87.64,41.91
-87.64,41.91
-87.64,41.91
-87.64,41.91
-87.64,41.91
-87.64,41.91
-87.64,41.91
-87.64,41.91
-87.64,41.91
-87.64,41.91
-88.34,41.7
-88.34,41.7
-88.34,41.7
-88.34,41.7
-88.34,41.7
-88.34,41.7
-88.34,41.7
-90.21,30.01
-90.21,30.01
-90.21,30.01
-90.21,30.01
-90.21,30.01
-90.21,30.01
-90.21,30.01
-90.21,30.01
-90.21,30.01
-90.21,30.01
-90.21,30.01
-90.21,30.01
-90.21,30.01
-90.21,30.01
-90.21,30.01
-90.21,30.01
-90.21,30.01
-90.21,30.01
-90.21,30.01
-90.21,30.01
-90.21,30.01
-90.21,30.01
-90.21,30.01
-90.21,30.01
-90.21,30.01
-90.21,30.01
-90.21,30.01
-90.21,30.01
-90.21,30.01
-90.21,30.01
-90.21,30.01
-90.21,30.01
-90.21,30.01
-90.21,30.01
-90.21,30.01
-90.21,30.01
-84.5,39.14
-84.5,39.14
-84.5,39.14
-84.5,39.14
-84.5,39.14
-84.5,39.14
-84.5,39.14
-84.5,39.14
-84.5,39.14
-84.5,39.14
-84.5,39.14
-84.5,39.14
-84.5,39.14
-84.5,39.14
-84.5,39.14
-84.5,39.14
-84.5,39.14
-84.5,39.14
-84.5,39.14
-84.5,39.14
-84.5,39.14
-84.5,39.14
-84.5,39.14
-84.5,39.14
-80.91,29.0
-80.91,29.0
-80.91,29.0
-80.91,29.0
-80.91,29.0
-80.91,29.0
-80.91,29.0
-80.91,29.0
-80.91,29.0
-80.91,29.0
-80.91,29.0
-80.91,29.0
-80.91,29.0
-80.91,29.0
-80.91,29.0
-121.89,46.66
-121.89,46.66
-121.89,46.66
-121.89,46.66
-121.89,46.66
-121.89,46.66
-121.89,46.66
-121.89,46.66
-121.89,46.66
-121.89,46.66
-121.89,46.66
-121.89,46.66
-121.89,46.66
-121.89,46.66
-121.89,46.66
-121.89,46.66
-121.89,46.66
-121.89,46.66
-121.89,46.66
-121.89,46.66
-121.89,46.66
-121.89,46.66
-121.89,46.66
-121.89,46.66
-121.89,46.66
-121.89,46.66
-121.89,46.66
-121.89,46.66
-121.89,46.66
-121.89,46.66
-121.89,46.66
-121.89,46.66
-121.89,46.66
-121.89,46.66
-121.89,46.66
-121.89,46.66
-121.89,46.66
-121.89,46.66
-121.89,46.66
-121.89,46.66
-121.89,46.66
-121.89,46.66
-121.89,46.66
-121.89,46.66
-99.78,30.47
-99.78,30.47
-99.78,30.47
-99.78,30.47
-99.78,30.47
-99.78,30.47
-99.78,30.47
-99.78,30.47
-99.78,30.47
-99.78,30.47
-89.38,43.04
-89.38,43.04
-89.38,43.04
-89.38,43.04
-89.38,43.04
-89.38,43.04
-89.38,43.04
-89.38,43.04
-89.38,43.04
-89.38,43.04
-89.38,43.04
-89.38,43.04
-89.38,43.04
-89.38,43.04
-89.38,43.04
-89.38,43.04
-89.38,43.04
-89.38,43.04
-89.38,43.04
-89.38,43.04
-89.38,43.04
-89.38,43.04
-89.38,43.04
-89.38,43.04
-89.38,43.04
-89.38,43.04
-89.38,43.04
-89.38,43.04
-89.38,43.04
-89.38,43.04
-89.38,43.04
-89.38,43.04
-89.38,43.04
-89.38,43.04
-89.38,43.04
-89.38,43.04
-89.38,43.04
-89.38,43.04
-89.38,43.04
-89.38,43.04
-89.38,43.04
-89.38,43.04
-89.38,43.04
-89.38,43.04
-89.38,43.04
-89.38,43.04
-89.38,43.04
-89.38,43.04
-89.38,43.04
-89.38,43.04
-89.38,43.04
-89.38,43.04
-89.38,43.04
-89.38,43.04
-89.38,43.04
-89.38,43.04
-89.38,43.04
-89.38,43.04
-89.38,43.04
-89.38,43.04
-89.38,43.04
-89.38,43.04
-89.38,43.04
-89.38,43.04
-89.38,43.04
-89.38,43.04
-96.76,32.73
-96.76,32.73
-96.76,32.73
-96.76,32.73
-96.76,32.73
-96.76,32.73
-96.76,32.73
-96.76,32.73
-96.76,32.73
-96.76,32.73
-96.76,32.73
-96.76,32.73
-104.99,39.71
-104.99,39.71
-104.99,39.71
-104.99,39.71
-104.99,39.71
-104.99,39.71
-104.99,39.71
-104.99,39.71
-104.99,39.71
-104.99,39.71
-104.99,39.71
-104.99,39.71
-104.99,39.71
-104.99,39.71
-104.99,39.71
-104.99,39.71
-104.99,39.71
-104.99,39.71
-104.99,39.71
-104.99,39.71
-104.99,39.71
-104.99,39.71
-104.99,39.71
-104.99,39.71
-104.99,39.71
-104.99,39.71
-104.99,39.71
-104.99,39.71
-104.99,39.71
-104.99,39.71
-104.99,39.71
-104.99,39.71
-104.99,39.71
-104.99,39.71
-104.99,39.71
-104.99,39.71
-104.99,39.71
-104.99,39.71
-104.99,39.71
-104.99,39.71
-104.99,39.71
-104.99,39.71
-104.99,39.71
-104.99,39.71
-104.99,39.71
-104.99,39.71
-104.99,39.71
-104.99,39.71
-104.99,39.71
-104.99,39.71
-104.99,39.71
-104.99,39.71
-104.99,39.71
-104.99,39.71
-104.99,39.71
-104.99,39.71
-104.99,39.71
-104.99,39.71
-104.99,39.71
-104.99,39.71
-104.99,39.71
-104.99,39.71
-84.33,30.36
-84.33,30.36
-84.33,30.36
-84.33,30.36
-84.33,30.36
-84.33,30.36
-84.33,30.36
-84.33,30.36
-84.33,30.36
-84.33,30.36
-84.33,30.36
-84.33,30.36
-84.33,30.36
-84.33,30.36
-84.33,30.36
-84.33,30.36
-84.33,30.36
-87.67,42.02
-87.67,42.02
-87.67,42.02
-87.67,42.02
-87.67,42.02
-87.67,42.02
-87.67,42.02
-87.67,42.02
-87.67,42.02
-87.67,42.02
-87.67,42.02
-87.67,42.02
-87.67,42.02
-87.67,42.02
-87.67,42.02
-87.67,42.02
-87.67,42.02
-122.43,37.78
-122.43,37.78
-122.43,37.78
-122.43,37.78
-122.43,37.78
-122.43,37.78
-122.43,37.78
-122.43,37.78
-122.43,37.78
-122.43,37.78
-122.43,37.78
-122.43,37.78
-87.84,41.11
-87.84,41.11
-87.84,41.11
-87.84,41.11
-87.84,41.11
-87.84,41.11
-87.84,41.11
-87.84,41.11
-87.84,41.11
-87.84,41.11
-87.84,41.11
-87.84,41.11
-87.84,41.11
-87.84,41.11
-87.84,41.11
-87.84,41.11
-87.84,41.11
-87.84,41.11
-87.84,41.11
-87.84,41.11
-87.84,41.11
-87.84,41.11
-87.84,41.11
-87.84,41.11
-87.84,41.11
-87.84,41.11
-87.84,41.11
-87.84,41.11
-87.84,41.11
-87.84,41.11
-87.84,41.11
-87.84,41.11
-87.84,41.11
-87.84,41.11
-87.84,41.11
-87.84,41.11
-93.38,39.43
-93.38,39.43
-93.38,39.43
-93.38,39.43
-93.38,39.43
-93.38,39.43
-93.38,39.43
-93.38,39.43
-93.38,39.43
-93.38,39.43
-93.38,39.43
-93.38,39.43
-93.38,39.43
-93.38,39.43
-93.38,39.43
-93.38,39.43
-93.38,39.43
-93.38,39.43
-93.38,39.43
-93.38,39.43
-93.38,39.43
-93.38,39.43
-93.38,39.43
-93.38,39.43
-93.38,39.43
-93.38,39.43
-93.38,39.43
-93.38,39.43
-93.38,39.43
-93.38,39.43
-93.38,39.43
-93.38,39.43
-93.38,39.43
-93.38,39.43
-93.38,39.43
-93.38,39.43
-93.38,39.43
-93.38,39.43
-93.38,39.43
-93.38,39.43
-93.38,39.43
-93.38,39.43
-93.38,39.43
-93.38,39.43
-93.38,39.43
-93.38,39.43
-93.38,39.43
-93.38,39.43
-93.38,39.43
-93.38,39.43
-93.38,39.43
-93.38,39.43
-93.38,39.43
-73.99,40.75
-73.99,40.75
-73.99,40.75
-73.99,40.75
-73.99,40.75
-73.99,40.75
-73.99,40.75
-73.99,40.75
-73.99,40.75
-73.99,40.75
-73.99,40.75
-90.23,29.97
-90.23,29.97
-90.23,29.97
-90.23,29.97
-90.23,29.97
-90.23,29.97
-90.23,29.97
-90.23,29.97
-90.23,29.97
-90.23,29.97
-90.23,29.97
-90.23,29.97
-90.23,29.97
-90.23,29.97
-90.23,29.97
-90.23,29.97
-90.23,29.97
-90.23,29.97
-90.23,29.97
-90.23,29.97
-90.23,29.97
-90.23,29.97
-90.23,29.97
-90.23,29.97
-90.23,29.97
-90.23,29.97
-90.23,29.97
-90.23,29.97
-90.23,29.97
-90.23,29.97
-90.23,29.97
-90.23,29.97
-90.23,29.97
-90.23,29.97
-90.23,29.97
-90.23,29.97
-90.23,29.97
-90.23,29.97
-90.23,29.97
-90.23,29.97
-90.23,29.97
-90.23,29.97
-90.23,29.97
-93.63,41.59
-93.63,41.59
-93.63,41.59
-93.63,41.59
-93.63,41.59
-93.63,41.59
-93.63,41.59
-93.63,41.59
-93.63,41.59
-93.63,41.59
-93.63,41.59
-93.63,41.59
-93.63,41.59
-93.63,41.59
-93.63,41.59
-93.63,41.59
-93.63,41.59
-93.63,41.59
-93.63,41.59
-93.63,41.59
-93.63,41.59
-93.63,41.59
-93.63,41.59
-93.63,41.59
-93.63,41.59
-93.63,41.59
-93.63,41.59
-93.63,41.59
-93.63,41.59
-93.63,41.59
-93.63,41.59
-93.63,41.59
-93.63,41.59
-93.63,41.59
-93.63,41.59
-93.63,41.59
-93.63,41.59
-93.63,41.59
-93.63,41.59
-93.63,41.59
-93.63,41.59
-93.63,41.59
-80.14,26.03
-80.14,26.03
-80.14,26.03
-80.14,26.03
-80.14,26.03
-80.14,26.03
-80.14,26.03
-80.14,26.03
-80.14,26.03
-80.14,26.03
-80.14,26.03
-80.14,26.03
-117.29,34.4
-117.29,34.4
-117.29,34.4
-117.29,34.4
-117.29,34.4
-117.29,34.4
-117.29,34.4
-117.29,34.4
-96.8,32.78
-96.8,32.78
-96.8,32.78
-96.8,32.78
-96.8,32.78
-96.8,32.78
-96.8,32.78
-96.8,32.78
-96.8,32.78
-96.8,32.78
-96.8,32.78
-83.13,39.15
-83.13,39.15
-83.13,39.15
-83.13,39.15
-83.13,39.15
-83.13,39.15
-83.13,39.15
-83.13,39.15
-83.13,39.15
-83.13,39.15
-83.13,39.15
-83.13,39.15
-83.13,39.15
-83.13,39.15
-83.13,39.15
-83.13,39.15
-83.13,39.15
-83.13,39.15
-92.22,32.69
-92.22,32.69
-92.22,32.69
-92.22,32.69
-92.22,32.69
-92.22,32.69
-92.22,32.69
-92.22,32.69
-92.22,32.69
-92.22,32.69
-92.22,32.69
-92.22,32.69
-92.22,32.69
-92.22,32.69
-92.22,32.69
-92.22,32.69
-92.22,32.69
-92.22,32.69
-92.22,32.69
-92.22,32.69
-92.22,32.69
-92.22,32.69
-92.22,32.69
-92.22,32.69
-92.22,32.69
-92.22,32.69
-92.22,32.69
-92.22,32.69
-92.22,32.69
-92.22,32.69
-71.11,42.32
-71.11,42.32
-71.11,42.32
-71.11,42.32
-71.11,42.32
-71.11,42.32
-71.11,42.32
-71.11,42.32
-71.11,42.32
-71.11,42.32
-71.11,42.32
-71.11,42.32
-71.11,42.32
-71.11,42.32
-71.11,42.32
-74.53,42.16
-74.53,42.16
-74.53,42.16
-74.53,42.16
-74.53,42.16
-74.53,42.16
-74.53,42.16
-74.53,42.16
-74.53,42.16
-74.53,42.16
-74.53,42.16
-74.53,42.16
-74.53,42.16
-74.53,42.16
-74.53,42.16
-71.05,42.34
-71.05,42.34
-71.05,42.34
-71.05,42.34
-71.05,42.34
-71.05,42.34
-71.05,42.34
-71.05,42.34
-71.05,42.34
-71.05,42.34
-81.31,28.91
-81.31,28.91
-81.31,28.91
-81.31,28.91
-81.31,28.91
-81.31,28.91
-81.31,28.91
-81.31,28.91
-81.31,28.91
-81.31,28.91
-120.25,47.4
-120.25,47.4
-120.25,47.4
-120.25,47.4
-120.25,47.4
-120.25,47.4
-120.25,47.4
-120.25,47.4
-120.25,47.4
-120.25,47.4
-120.25,47.4
-120.25,47.4
-120.25,47.4
-120.25,47.4
-120.25,47.4
-120.25,47.4
-120.25,47.4
-120.25,47.4
-120.25,47.4
-120.25,47.4
-120.25,47.4
-120.25,47.4
-120.25,47.4
-120.25,47.4
-120.25,47.4
-120.25,47.4
-120.25,47.4
-120.25,47.4
-120.25,47.4
-120.25,47.4
-120.25,47.4
-120.25,47.4
-120.25,47.4
-120.25,47.4
-120.25,47.4
-120.25,47.4
-120.25,47.4
-120.25,47.4
-120.25,47.4
-120.25,47.4
-98.51,32.5
-98.51,32.5
-98.51,32.5
-98.51,32.5
-84.26,30.43
-84.26,30.43
-84.26,30.43
-84.26,30.43
-84.26,30.43
-84.26,30.43
-84.26,30.43
-97.12,36.13
-97.12,36.13
-97.12,36.13
-97.12,36.13
-97.12,36.13
-97.12,36.13
-97.12,36.13
-97.12,36.13
-97.12,36.13
-97.12,36.13
-97.12,36.13
-97.12,36.13
-97.12,36.13
-97.12,36.13
-97.12,36.13
-97.12,36.13
-97.12,36.13
-97.12,36.13
-97.12,36.13
-97.12,36.13
-97.12,36.13
-97.12,36.13
-97.12,36.13
-97.12,36.13
-97.12,36.13
-97.12,36.13
-97.12,36.13
-97.12,36.13
-97.12,36.13
-97.12,36.13
-97.12,36.13
-97.12,36.13
-97.12,36.13
-97.12,36.13
-97.12,36.13
-97.12,36.13
-97.12,36.13
-97.12,36.13
-97.12,36.13
-97.12,36.13
-97.12,36.13
-97.12,36.13
-97.12,36.13
-97.12,36.13
-97.12,36.13
-97.12,36.13
-97.12,36.13
-97.12,36.13
-97.12,36.13
-97.12,36.13
-97.12,36.13
-97.12,36.13
-97.12,36.13
-97.12,36.13
-97.12,36.13
-97.12,36.13
-97.12,36.13
-84.49,30.04
-84.49,30.04
-84.49,30.04
-84.49,30.04
-84.49,30.04
-84.49,30.04
-84.49,30.04
-84.49,30.04
-118.43,33.94
-118.43,33.94
-118.43,33.94
-118.43,33.94
-118.43,33.94
-118.43,33.94
-118.43,33.94
-98.64,29.44
-98.64,29.44
-98.64,29.44
-98.64,29.44
-98.64,29.44
-98.64,29.44
-98.64,29.44
-98.64,29.44
-98.64,29.44
-98.64,29.44
-71.44,42.7
-71.44,42.7
-71.44,42.7
-71.44,42.7
-71.44,42.7
-71.44,42.7
-71.44,42.7
-71.44,42.7
-71.44,42.7
-71.44,42.7
-71.44,42.7
-71.44,42.7
-71.44,42.7
-71.44,42.7
-71.44,42.7
-89.56,43.06
-89.56,43.06
-89.56,43.06
-89.56,43.06
-89.56,43.06
-89.56,43.06
-89.56,43.06
-89.56,43.06
-89.56,43.06
-89.56,43.06
-89.56,43.06
-89.56,43.06
-89.56,43.06
-89.56,43.06
-89.56,43.06
-89.56,43.06
-89.56,43.06
-89.56,43.06
-89.56,43.06
-89.56,43.06
-89.56,43.06
-89.56,43.06
-89.56,43.06
-89.56,43.06
-89.56,43.06
-89.56,43.06
-89.56,43.06
-89.56,43.06
-118.43,33.94
-118.43,33.94
-118.43,33.94
-118.43,33.94
-118.43,33.94
-118.43,33.94
-118.43,33.94
-118.43,33.94
-118.43,33.94
-118.43,33.94
-118.43,33.94
-118.43,33.94
-118.43,33.94
-118.43,33.94
-118.43,33.94
-118.43,33.94
-90.42,38.58
-90.42,38.58
-90.42,38.58
-90.42,38.58
-90.42,38.58
-90.42,38.58
-90.42,38.58
-90.42,38.58
-90.42,38.58
-90.42,38.58
-90.42,38.58
-90.42,38.58
-90.42,38.58
-90.42,38.58
-90.42,38.58
-90.42,38.58
-90.42,38.58
-90.42,38.58
-90.42,38.58
-90.42,38.58
-90.42,38.58
-90.42,38.58
-90.42,38.58
-90.42,38.58
-90.42,38.58
-90.42,38.58
-83.65,41.37
-83.65,41.37
-83.65,41.37
-83.65,41.37
-83.65,41.37
-83.65,41.37
-83.65,41.37
-83.65,41.37
-83.65,41.37
-83.65,41.37
-83.65,41.37
-83.65,41.37
-83.65,41.37
-83.65,41.37
-83.65,41.37
-83.65,41.37
-83.65,41.37
-83.65,41.37
-83.65,41.37
-83.65,41.37
-83.65,41.37
-118.38,46.04
-118.38,46.04
-118.38,46.04
-118.38,46.04
-118.38,46.04
-118.38,46.04
-118.38,46.04
-118.38,46.04
-118.38,46.04
-118.38,46.04
-118.38,46.04
-118.38,46.04
-118.38,46.04
-118.38,46.04
-118.38,46.04
-118.38,46.04
-118.38,46.04
-118.38,46.04
-118.38,46.04
-118.38,46.04
-118.38,46.04
-118.38,46.04
-118.38,46.04
-118.38,46.04
-118.38,46.04
-118.38,46.04
-118.38,46.04
-118.38,46.04
-118.38,46.04
-118.38,46.04
-118.38,46.04
-118.38,46.04
-118.38,46.04
-118.38,46.04
-118.38,46.04
-118.38,46.04
-118.38,46.04
-118.38,46.04
-118.38,46.04
-118.38,46.04
-98.71,29.44
-98.71,29.44
-98.71,29.44
-98.71,29.44
-98.71,29.44
-98.71,29.44
-98.71,29.44
-98.71,29.44
-98.71,29.44
-98.71,29.44
-98.71,29.44
-97.03,32.11
-97.03,32.11
-97.03,32.11
-97.03,32.11
-97.03,32.11
-97.03,32.11
-111.88,40.72
-111.88,40.72
-111.88,40.72
-111.88,40.72
-111.88,40.72
-111.88,40.72
-111.88,40.72
-111.88,40.72
-111.88,40.72
-111.88,40.72
-111.88,40.72
-111.88,40.72
-111.88,40.72
-111.88,40.72
-111.88,40.72
-111.88,40.72
-111.88,40.72
-111.88,40.72
-111.88,40.72
-111.88,40.72
-111.88,40.72
-111.88,40.72
-111.88,40.72
-111.88,40.72
-111.88,40.72
-111.88,40.72
-111.88,40.72
-111.88,40.72
-111.88,40.72
-111.88,40.72
-111.88,40.72
-111.88,40.72
-111.88,40.72
-111.88,40.72
-111.88,40.72
-111.88,40.72
-111.88,40.72
-111.88,40.72
-111.88,40.72
-111.88,40.72
-111.88,40.72
-111.88,40.72
-111.88,40.72
-111.88,40.72
-111.88,40.72
-111.88,40.72
-111.88,40.72
-111.88,40.72
-111.88,40.72
-111.88,40.72
-111.88,40.72
-111.88,40.72
-111.88,40.72
-111.88,40.72
-111.88,40.72
-111.88,40.72
-111.88,40.72
-111.88,40.72
-111.88,40.72
-111.88,40.72
-111.88,40.72
-111.88,40.72
-111.88,40.72
-111.88,40.72
-111.88,40.72
-111.88,40.72
-111.88,40.72
-111.88,40.72
-111.88,40.72
-111.88,40.72
-111.88,40.72
-111.88,40.72
-111.88,40.72
-111.88,40.72
-111.88,40.72
-111.88,40.72
-111.88,40.72
-111.88,40.72
-111.88,40.72
-111.88,40.72
-111.88,40.72
-111.88,40.72
-111.88,40.72
-111.88,40.72
-111.88,40.72
-111.88,40.72
-111.88,40.72
-111.88,40.72
-111.88,40.72
-111.88,40.72
-111.88,40.72
-111.88,40.72
-111.88,40.72
-111.88,40.72
-111.88,40.72
-111.88,40.72
-111.88,40.72
-111.88,40.72
-111.88,40.72
-111.88,40.72
-111.88,40.72
-111.88,40.72
-111.88,40.72
-111.88,40.72
-111.88,40.72
-111.88,40.72
-111.88,40.72
-111.88,40.72
-111.88,40.72
-111.88,40.72
-111.88,40.72
-111.88,40.72
-111.88,40.72
-111.88,40.72
-111.88,40.72
-111.88,40.72
-111.88,40.72
-111.88,40.72
-111.88,40.72
-111.88,40.72
-111.88,40.72
-111.88,40.72
-111.88,40.72
-111.88,40.72
-111.88,40.72
-111.88,40.72
-111.88,40.72
-111.88,40.72
-111.88,40.72
-111.88,40.72
-111.88,40.72
-111.88,40.72
-111.88,40.72
-111.88,40.72
-111.88,40.72
-111.88,40.72
-111.88,40.72
-111.88,40.72
-111.88,40.72
-111.88,40.72
-111.88,40.72
-111.88,40.72
-111.88,40.72
-111.88,40.72
-111.88,40.72
-111.88,40.72
-111.88,40.72
-111.88,40.72
-111.88,40.72
-111.88,40.72
-111.88,40.72
-111.88,40.72
-111.88,40.72
-111.88,40.72
-111.88,40.72
-111.88,40.72
-111.88,40.72
-111.88,40.72
-111.88,40.72
-111.88,40.72
-111.88,40.72
-111.88,40.72
-111.88,40.72
-111.88,40.72
-111.88,40.72
-111.88,40.72
-111.88,40.72
-111.88,40.72
-111.88,40.72
-111.88,40.72
-111.88,40.72
-111.88,40.72
-111.88,40.72
-111.88,40.72
-111.88,40.72
-111.88,40.72
-111.88,40.72
-111.88,40.72
-111.88,40.72
-111.88,40.72
-111.88,40.72
-111.88,40.72
-111.88,40.72
-111.88,40.72
-111.88,40.72
-111.88,40.72
-111.88,40.72
-111.88,40.72
-111.88,40.72
-111.88,40.72
-111.88,40.72
-111.88,40.72
-111.88,40.72
-111.88,40.72
-111.88,40.72
-111.88,40.72
-111.88,40.72
-111.88,40.72
-111.88,40.72
-111.88,40.72
-111.88,40.72
-111.88,40.72
-111.88,40.72
-111.88,40.72
-111.88,40.72
-111.88,40.72
-111.88,40.72
-111.88,40.72
-111.88,40.72
-111.88,40.72
-111.88,40.72
-111.88,40.72
-111.88,40.72
-111.88,40.72
-111.88,40.72
-82.3,38.85
-82.3,38.85
-82.3,38.85
-82.3,38.85
-82.3,38.85
-82.3,38.85
-82.3,38.85
-82.3,38.85
-82.3,38.85
-82.3,38.85
-97.18,33.23
-97.18,33.23
-97.18,33.23
-97.18,33.23
-97.18,33.23
-97.18,33.23
-72.71,41.74
-72.71,41.74
-72.71,41.74
-72.71,41.74
-72.71,41.74
-72.71,41.74
-72.71,41.74
-72.71,41.74
-72.71,41.74
-72.71,41.74
-72.71,41.74
-72.71,41.74
-72.71,41.74
-72.71,41.74
-72.71,41.74
-72.71,41.74
-72.71,41.74
-72.71,41.74
-72.71,41.74
-72.71,41.74
-72.71,41.74
-72.71,41.74
-72.71,41.74
-72.71,41.74
-72.71,41.74
-72.71,41.74
-72.71,41.74
-72.71,41.74
-72.71,41.74
-72.71,41.74
-72.71,41.74
-72.71,41.74
-72.71,41.74
-72.71,41.74
-72.71,41.74
-72.71,41.74
-72.71,41.74
-72.71,41.74
-72.71,41.74
-122.46,45.53
-122.46,45.53
-122.46,45.53
-122.46,45.53
-122.46,45.53
-122.46,45.53
-122.46,45.53
-122.46,45.53
-122.46,45.53
-122.46,45.53
-122.46,45.53
-122.46,45.53
-122.46,45.53
-122.46,45.53
-122.46,45.53
-122.46,45.53
-122.46,45.53
-122.46,45.53
-122.46,45.53
-122.46,45.53
-122.46,45.53
-122.46,45.53
-122.46,45.53
-122.46,45.53
-122.46,45.53
-122.46,45.53
-122.46,45.53
-122.46,45.53
-122.46,45.53
-122.46,45.53
-122.46,45.53
-122.46,45.53
-122.46,45.53
-122.46,45.53
-122.46,45.53
-122.46,45.53
-122.46,45.53
-122.46,45.53
-122.46,45.53
-122.46,45.53
-122.46,45.53
-122.46,45.53
-122.46,45.53
-122.46,45.53
-122.46,45.53
-122.46,45.53
-122.46,45.53
-122.46,45.53
-122.46,45.53
-122.46,45.53
-122.46,45.53
-122.46,45.53
-122.46,45.53
-122.46,45.53
-122.46,45.53
-122.46,45.53
-122.46,45.53
-122.46,45.53
-122.46,45.53
-122.46,45.53
-122.46,45.53
-122.46,45.53
-122.46,45.53
-122.46,45.53
-122.46,45.53
-122.46,45.53
-122.46,45.53
-122.46,45.53
-122.46,45.53
-122.46,45.53
-122.46,45.53
-122.46,45.53
-122.46,45.53
-122.46,45.53
-122.46,45.53
-122.46,45.53
-122.46,45.53
-122.46,45.53
-122.46,45.53
-122.46,45.53
-122.46,45.53
-122.46,45.53
-122.46,45.53
-122.46,45.53
-122.46,45.53
-122.46,45.53
-122.46,45.53
-122.46,45.53
-122.46,45.53
-122.46,45.53
-122.46,45.53
-122.46,45.53
-122.46,45.53
-122.46,45.53
-122.46,45.53
-122.46,45.53
-122.46,45.53
-122.46,45.53
-122.46,45.53
-122.46,45.53
-122.46,45.53
-122.46,45.53
-93.03,30.97
-93.03,30.97
-93.03,30.97
-93.03,30.97
-93.03,30.97
-93.03,30.97
-93.03,30.97
-93.03,30.97
-93.03,30.97
-93.03,30.97
-93.03,30.97
-93.03,30.97
-93.03,30.97
-93.03,30.97
-93.03,30.97
-93.03,30.97
-93.03,30.97
-93.03,30.97
-93.03,30.97
-93.03,30.97
-93.03,30.97
-93.03,30.97
-93.03,30.97
-93.03,30.97
-93.03,30.97
-93.03,30.97
-93.03,30.97
-93.03,30.97
-93.03,30.97
-106.47,35.17
-106.47,35.17
-106.47,35.17
-106.47,35.17
-106.47,35.17
-106.47,35.17
-106.47,35.17
-106.47,35.17
-106.47,35.17
-106.47,35.17
-106.47,35.17
-106.47,35.17
-106.47,35.17
-106.47,35.17
-106.47,35.17
-106.47,35.17
-106.47,35.17
-106.47,35.17
-106.47,35.17
-106.47,35.17
-106.47,35.17
-106.47,35.17
-106.47,35.17
-106.47,35.17
-106.47,35.17
-106.47,35.17
-106.47,35.17
-106.47,35.17
-106.47,35.17
-106.47,35.17
-106.47,35.17
-106.47,35.17
-106.47,35.17
-106.47,35.17
-106.47,35.17
-106.47,35.17
-106.47,35.17
-106.47,35.17
-106.47,35.17
-106.47,35.17
-106.47,35.17
-106.47,35.17
-106.47,35.17
-106.47,35.17
-106.47,35.17
-106.47,35.17
-106.47,35.17
-106.47,35.17
-106.47,35.17
-106.47,35.17
-106.47,35.17
-106.47,35.17
-106.47,35.17
-106.47,35.17
-106.47,35.17
-106.47,35.17
-106.47,35.17
-106.47,35.17
-106.47,35.17
-106.47,35.17
-106.47,35.17
-106.47,35.17
-106.47,35.17
-106.47,35.17
-106.47,35.17
-106.47,35.17
-106.47,35.17
-106.47,35.17
-106.47,35.17
-106.47,35.17
-106.47,35.17
-106.47,35.17
-106.47,35.17
-106.47,35.17
-106.47,35.17
-106.47,35.17
-106.47,35.17
-106.47,35.17
-106.47,35.17
-106.47,35.17
-106.47,35.17
-106.47,35.17
-106.47,35.17
-106.47,35.17
-106.47,35.17
-106.47,35.17
-106.47,35.17
-106.47,35.17
-106.47,35.17
-106.47,35.17
-106.47,35.17
-106.47,35.17
-106.47,35.17
-106.47,35.17
-106.47,35.17
-106.47,35.17
-106.47,35.17
-106.47,35.17
-106.47,35.17
-106.47,35.17
-106.47,35.17
-106.47,35.17
-106.47,35.17
-106.47,35.17
-106.47,35.17
-106.47,35.17
-106.47,35.17
-106.47,35.17
-106.47,35.17
-106.47,35.17
-106.47,35.17
-106.47,35.17
-106.47,35.17
-106.47,35.17
-106.47,35.17
-106.47,35.17
-106.47,35.17
-106.47,35.17
-106.47,35.17
-106.47,35.17
-106.47,35.17
-106.47,35.17
-106.47,35.17
-106.47,35.17
-106.47,35.17
-106.47,35.17
-106.47,35.17
-106.47,35.17
-106.47,35.17
-106.47,35.17
-106.47,35.17
-106.47,35.17
-106.47,35.17
-106.47,35.17
-106.47,35.17
-106.47,35.17
-106.47,35.17
-106.47,35.17
-106.47,35.17
-106.47,35.17
-106.47,35.17
-106.47,35.17
-106.47,35.17
-106.47,35.17
-106.47,35.17
-106.47,35.17
-106.47,35.17
-106.47,35.17
-106.47,35.17
-106.47,35.17
-106.47,35.17
-106.47,35.17
-106.47,35.17
-106.47,35.17
-106.47,35.17
-106.47,35.17
-106.47,35.17
-106.47,35.17
-106.47,35.17
-106.47,35.17
-106.47,35.17
-106.47,35.17
-106.47,35.17
-106.47,35.17
-106.47,35.17
-106.47,35.17
-106.47,35.17
-106.47,35.17
-71.14,42.26
-71.14,42.26
-71.14,42.26
-71.14,42.26
-71.14,42.26
-71.14,42.26
-71.14,42.26
-71.14,42.26
-71.14,42.26
-71.14,42.26
-71.14,42.26
-71.14,42.26
-71.14,42.26
-71.14,42.26
-71.14,42.26
-71.14,42.26
-71.14,42.26
-71.14,42.26
-71.14,42.26
-71.14,42.26
-122.9,47.04
-122.9,47.04
-122.9,47.04
-122.9,47.04
-122.9,47.04
-122.9,47.04
-122.9,47.04
-122.9,47.04
-122.9,47.04
-122.9,47.04
-122.9,47.04
-122.9,47.04
-122.9,47.04
-122.9,47.04
-122.9,47.04
-122.9,47.04
-122.9,47.04
-122.9,47.04
-122.9,47.04
-122.9,47.04
-122.9,47.04
-122.9,47.04
-122.9,47.04
-122.9,47.04
-122.9,47.04
-122.9,47.04
-122.9,47.04
-122.9,47.04
-122.9,47.04
-122.9,47.04
-122.9,47.04
-122.9,47.04
-122.9,47.04
-122.9,47.04
-122.9,47.04
-122.9,47.04
-122.41,37.79
-122.41,37.79
-122.41,37.79
-122.41,37.79
-122.41,37.79
-122.41,37.79
-97.69,30.4
-97.69,30.4
-97.69,30.4
-97.69,30.4
-97.69,30.4
-97.69,30.4
-80.6,40.65
-80.6,40.65
-80.6,40.65
-80.6,40.65
-80.6,40.65
-80.6,40.65
-80.6,40.65
-80.6,40.65
-80.6,40.65
-80.6,40.65
-80.6,40.65
-80.6,40.65
-80.6,40.65
-80.6,40.65
-80.6,40.65
-80.6,40.65
-80.6,40.65
-80.6,40.65
-80.6,40.65
-80.6,40.65
-80.6,40.65
-80.6,40.65
-80.6,40.65
-80.6,40.65
-80.6,40.65
-80.6,40.65
-80.6,40.65
-80.6,40.65
-80.6,40.65
-80.6,40.65
-80.6,40.65
-80.6,40.65
-80.6,40.65
-80.6,40.65
-80.6,40.65
-80.6,40.65
-80.6,40.65
-80.6,40.65
-80.6,40.65
-80.6,40.65
-80.6,40.65
-80.6,40.65
-80.6,40.65
-80.6,40.65
-80.6,40.65
-80.6,40.65
-95.56,42.75
-95.56,42.75
-95.56,42.75
-95.56,42.75
-95.56,42.75
-95.56,42.75
-95.56,42.75
-95.56,42.75
-95.56,42.75
-95.56,42.75
-95.56,42.75
-95.56,42.75
-95.56,42.75
-95.56,42.75
-95.56,42.75
-95.56,42.75
-95.56,42.75
-95.56,42.75
-95.56,42.75
-95.56,42.75
-95.56,42.75
-95.56,42.75
-95.56,42.75
-95.56,42.75
-95.56,42.75
-95.56,42.75
-95.56,42.75
-95.56,42.75
-95.56,42.75
-95.56,42.75
-95.56,42.75
-95.56,42.75
-95.56,42.75
-95.56,42.75
-95.56,42.75
-95.56,42.75
-95.56,42.75
-95.56,42.75
-95.56,42.75
-95.56,42.75
-95.56,42.75
-95.56,42.75
-95.56,42.75
-95.56,42.75
-95.56,42.75
-95.56,42.75
-95.56,42.75
-73.11,40.75
-73.11,40.75
-73.11,40.75
-73.11,40.75
-73.11,40.75
-73.11,40.75
-73.11,40.75
-73.11,40.75
-73.11,40.75
-73.11,40.75
-73.11,40.75
-73.11,40.75
-73.11,40.75
-73.11,40.75
-73.11,40.75
-73.11,40.75
-73.11,40.75
-73.11,40.75
-73.11,40.75
-73.11,40.75
-73.11,40.75
-73.11,40.75
-73.11,40.75
-73.11,40.75
-73.11,40.75
-73.11,40.75
-73.11,40.75
-73.11,40.75
-73.11,40.75
-73.11,40.75
-73.11,40.75
-73.11,40.75
-73.11,40.75
-73.11,40.75
-73.11,40.75
-73.11,40.75
-117.93,33.87
-117.93,33.87
-117.93,33.87
-117.93,33.87
-117.93,33.87
-117.93,33.87
-117.93,33.87
-117.93,33.87
-117.93,33.87
-117.93,33.87
-117.93,33.87
-117.93,33.87
-117.93,33.87
-117.93,33.87
-117.93,33.87
-117.93,33.87
-117.93,33.87
-123.1,44.07
-123.1,44.07
-123.1,44.07
-123.1,44.07
-123.1,44.07
-123.1,44.07
-123.1,44.07
-123.1,44.07
-123.1,44.07
-123.1,44.07
-123.1,44.07
-123.1,44.07
-123.1,44.07
-123.1,44.07
-123.1,44.07
-123.1,44.07
-123.1,44.07
-123.1,44.07
-123.1,44.07
-123.1,44.07
-123.1,44.07
-123.1,44.07
-123.1,44.07
-123.1,44.07
-123.1,44.07
-123.1,44.07
-123.1,44.07
-123.1,44.07
-123.1,44.07
-123.1,44.07
-123.1,44.07
-123.1,44.07
-123.1,44.07
-123.1,44.07
-123.1,44.07
-123.1,44.07
-123.1,44.07
-123.1,44.07
-123.1,44.07
-123.1,44.07
-123.1,44.07
-123.1,44.07
-123.1,44.07
-123.1,44.07
-123.1,44.07
-123.1,44.07
-123.1,44.07
-123.1,44.07
-123.1,44.07
-123.1,44.07
-123.1,44.07
-123.1,44.07
-123.1,44.07
-123.1,44.07
-123.1,44.07
-123.1,44.07
-123.1,44.07
-123.1,44.07
-123.1,44.07
-123.1,44.07
-123.1,44.07
-123.1,44.07
-123.1,44.07
-123.1,44.07
-123.1,44.07
-123.1,44.07
-123.1,44.07
-123.1,44.07
-123.1,44.07
-123.1,44.07
-123.1,44.07
-123.1,44.07
-123.1,44.07
-123.1,44.07
-123.1,44.07
-117.83,33.68
-117.83,33.68
-117.83,33.68
-117.83,33.68
-80.4,26.13
-80.4,26.13
-80.4,26.13
-80.4,26.13
-80.4,26.13
-80.4,26.13
-80.4,26.13
-80.4,26.13
-80.4,26.13
-80.4,26.13
-80.4,26.13
-80.4,26.13
-80.4,26.13
-80.4,26.13
-117.83,33.68
-117.83,33.68
-117.83,33.68
-117.83,33.68
-117.83,33.68
-117.83,33.68
-117.83,33.68
-117.83,33.68
-117.83,33.68
-117.83,33.68
-117.83,33.68
-117.83,33.68
-117.83,33.68
-117.83,33.68
-117.83,33.68
-117.83,33.68
-117.83,33.68
-117.83,33.68
-93.62,41.63
-93.62,41.63
-93.62,41.63
-93.62,41.63
-93.62,41.63
-93.62,41.63
-93.62,41.63
-93.62,41.63
-93.62,41.63
-93.62,41.63
-93.62,41.63
-93.62,41.63
-93.62,41.63
-93.62,41.63
-93.62,41.63
-93.62,41.63
-93.62,41.63
-93.62,41.63
-93.62,41.63
-93.62,41.63
-93.62,41.63
-93.62,41.63
-93.62,41.63
-93.62,41.63
-93.62,41.63
-93.62,41.63
-93.62,41.63
-93.62,41.63
-93.62,41.63
-93.62,41.63
-93.62,41.63
-93.62,41.63
-93.62,41.63
-93.62,41.63
-93.62,41.63
-93.62,41.63
-93.62,41.63
-93.62,41.63
-93.62,41.63
-93.62,41.63
-93.62,41.63
-93.62,41.63
-93.62,41.63
-93.62,41.63
-93.62,41.63
-93.62,41.63
-93.62,41.63
-84.56,39.1
-84.56,39.1
-84.56,39.1
-84.56,39.1
-84.56,39.1
-84.56,39.1
-84.56,39.1
-84.56,39.1
-84.56,39.1
-84.56,39.1
-84.56,39.1
-84.56,39.1
-90.41,38.57
-90.41,38.57
-90.41,38.57
-90.41,38.57
-90.41,38.57
-90.41,38.57
-90.41,38.57
-90.41,38.57
-90.41,38.57
-90.41,38.57
-90.41,38.57
-90.41,38.57
-90.41,38.57
-90.41,38.57
-90.41,38.57
-90.41,38.57
-90.41,38.57
-90.41,38.57
-90.41,38.57
-90.41,38.57
-90.41,38.57
-90.41,38.57
-90.41,38.57
-90.41,38.57
-90.41,38.57
-90.41,38.57
-90.41,38.57
-90.41,38.57
-90.41,38.57
-90.41,38.57
-90.41,38.57
-90.41,38.57
-90.41,38.57
-90.41,38.57
-90.41,38.57
-90.41,38.57
-90.41,38.57
-90.41,38.57
-90.41,38.57
-90.41,38.57
-90.41,38.57
-90.41,38.57
-90.41,38.57
-90.41,38.57
-90.41,38.57
-90.41,38.57
-90.41,38.57
-90.41,38.57
-90.41,38.57
-90.41,38.57
-90.41,38.57
-90.41,38.57
-90.41,38.57
-90.41,38.57
-90.41,38.57
-90.41,38.57
-90.41,38.57
-90.41,38.57
-90.41,38.57
-90.41,38.57
-90.41,38.57
-90.41,38.57
-90.41,38.57
-90.41,38.57
-97.51,35.54
-97.51,35.54
-97.51,35.54
-97.51,35.54
-97.51,35.54
-97.51,35.54
-97.51,35.54
-97.51,35.54
-97.51,35.54
-97.51,35.54
-97.51,35.54
-97.51,35.54
-97.51,35.54
-97.51,35.54
-97.51,35.54
-97.51,35.54
-97.51,35.54
-97.51,35.54
-97.51,35.54
-97.51,35.54
-97.51,35.54
-97.51,35.54
-97.51,35.54
-97.51,35.54
-97.51,35.54
-97.51,35.54
-97.51,35.54
-97.51,35.54
-97.51,35.54
-97.51,35.54
-97.51,35.54
-97.51,35.54
-97.51,35.54
-97.51,35.54
-97.51,35.54
-97.51,35.54
-97.51,35.54
-97.51,35.54
-97.51,35.54
-97.51,35.54
-97.51,35.54
-97.51,35.54
-97.51,35.54
-97.51,35.54
-97.51,35.54
-97.51,35.54
-97.51,35.54
-97.51,35.54
-97.51,35.54
-97.51,35.54
-97.51,35.54
-97.51,35.54
-97.51,35.54
-97.51,35.54
-97.51,35.54
-97.51,35.54
-97.51,35.54
-97.51,35.54
-67.27,46.12
-67.27,46.12
-67.27,46.12
-67.27,46.12
-67.27,46.12
-67.27,46.12
-67.27,46.12
-67.27,46.12
-67.27,46.12
-67.27,46.12
-67.27,46.12
-67.27,46.12
-67.27,46.12
-117.79,33.72
-117.79,33.72
-117.79,33.72
-117.79,33.72
-117.79,33.72
-117.79,33.72
-117.79,33.72
-117.79,33.72
-117.79,33.72
-117.79,33.72
-117.79,33.72
-117.79,33.72
-117.79,33.72
-117.79,33.72
-117.79,33.72
-117.79,33.72
-117.79,33.72
-117.79,33.72
-117.79,33.72
-117.79,33.72
-117.79,33.72
-117.79,33.72
-117.79,33.72
-117.79,33.72
-117.79,33.72
-117.79,33.72
-117.79,33.72
-117.79,33.72
-117.79,33.72
-117.79,33.72
-117.79,33.72
-117.79,33.72
-117.79,33.72
-117.79,33.72
-117.79,33.72
-117.79,33.72
-117.79,33.72
-117.79,33.72
-117.79,33.72
-117.79,33.72
-117.79,33.72
-117.79,33.72
-117.79,33.72
-117.79,33.72
-117.79,33.72
-117.79,33.72
-117.79,33.72
-117.79,33.72
-117.79,33.72
-117.79,33.72
-117.79,33.72
-117.79,33.72
-117.79,33.72
-117.79,33.72
-117.79,33.72
-117.79,33.72
-117.79,33.72
-117.79,33.72
-117.79,33.72
-117.79,33.72
-117.79,33.72
-117.79,33.72
-117.79,33.72
-117.79,33.72
-117.79,33.72
-117.79,33.72
-117.79,33.72
-117.79,33.72
-117.79,33.72
-117.79,33.72
-117.79,33.72
-117.79,33.72
-117.79,33.72
-117.79,33.72
-117.79,33.72
-117.79,33.72
-117.79,33.72
-117.79,33.72
-117.79,33.72
-117.79,33.72
-117.79,33.72
-117.79,33.72
-117.79,33.72
-117.79,33.72
-117.79,33.72
-117.79,33.72
-117.79,33.72
-117.79,33.72
-117.79,33.72
-117.79,33.72
-117.79,33.72
-117.79,33.72
-117.79,33.72
-117.79,33.72
-117.79,33.72
-117.79,33.72
-117.79,33.72
-117.79,33.72
-117.79,33.72
-117.79,33.72
-117.79,33.72
-117.79,33.72
-117.79,33.72
-117.79,33.72
-117.79,33.72
-117.79,33.72
-117.79,33.72
-117.79,33.72
-117.79,33.72
-117.79,33.72
-117.79,33.72
-117.79,33.72
-117.79,33.72
-117.79,33.72
-117.79,33.72
-117.79,33.72
-117.79,33.72
-117.79,33.72
-117.79,33.72
-117.79,33.72
-117.79,33.72
-117.79,33.72
-117.79,33.72
-117.79,33.72
-117.79,33.72
-117.79,33.72
-117.79,33.72
-117.79,33.72
-117.79,33.72
-117.79,33.72
-117.79,33.72
-117.79,33.72
-117.79,33.72
-117.79,33.72
-117.79,33.72
-117.79,33.72
-117.79,33.72
-117.79,33.72
-117.79,33.72
-117.79,33.72
-117.79,33.72
-117.79,33.72
-117.79,33.72
-117.79,33.72
-117.79,33.72
-117.79,33.72
-117.79,33.72
-117.79,33.72
-117.79,33.72
-117.79,33.72
-117.79,33.72
-117.79,33.72
-117.79,33.72
-117.79,33.72
-117.79,33.72
-117.79,33.72
-117.79,33.72
-117.79,33.72
-117.79,33.72
-117.79,33.72
-117.79,33.72
-117.79,33.72
-117.79,33.72
-117.79,33.72
-117.79,33.72
-117.79,33.72
-117.79,33.72
-117.79,33.72
-73.09,40.83
-73.09,40.83
-73.09,40.83
-73.09,40.83
-73.09,40.83
-73.09,40.83
-73.09,40.83
-73.09,40.83
-73.09,40.83
-87.92,43.0
-87.92,43.0
-87.92,43.0
-87.92,43.0
-87.92,43.0
-87.92,43.0
-87.92,43.0
-87.92,43.0
-87.92,43.0
-87.92,43.0
-87.92,43.0
-87.92,43.0
-87.92,43.0
-87.92,43.0
-87.92,43.0
-87.92,43.0
-87.92,43.0
-87.92,43.0
-87.92,43.0
-87.92,43.0
-87.92,43.0
-87.92,43.0
-87.92,43.0
-87.92,43.0
-87.92,43.0
-82.67,41.4
-82.67,41.4
-82.67,41.4
-82.67,41.4
-82.67,41.4
-82.67,41.4
-82.67,41.4
-82.67,41.4
-82.67,41.4
-82.67,41.4
-82.67,41.4
-82.67,41.4
-82.67,41.4
-82.67,41.4
-82.67,41.4
-82.67,41.4
-82.67,41.4
-82.67,41.4
-82.67,41.4
-82.67,41.4
-82.67,41.4
-82.67,41.4
-82.67,41.4
-82.67,41.4
-82.67,41.4
-82.67,41.4
-82.67,41.4
-82.67,41.4
-82.67,41.4
-82.67,41.4
-82.67,41.4
-82.67,41.4
-82.67,41.4
-82.67,41.4
-82.67,41.4
-71.08,42.31
-71.08,42.31
-71.08,42.31
-71.08,42.31
-71.08,42.31
-71.08,42.31
-71.08,42.31
-71.08,42.31
-71.08,42.31
-71.08,42.31
-71.08,42.31
-71.08,42.31
-88.2,41.76
-88.2,41.76
-88.2,41.76
-88.2,41.76
-88.2,41.76
-88.2,41.76
-88.2,41.76
-117.27,32.81
-117.27,32.81
-117.27,32.81
-117.27,32.81
-117.27,32.81
-117.27,32.81
-117.27,32.81
-117.27,32.81
-118.26,34.05
-118.26,34.05
-118.26,34.05
-118.26,34.05
-118.26,34.05
-118.26,34.05
-118.26,34.05
-118.26,34.05
-118.26,34.05
-118.26,34.05
-87.81,41.89
-87.81,41.89
-87.81,41.89
-87.81,41.89
-87.81,41.89
-87.81,41.89
-87.81,41.89
-87.81,41.89
-87.81,41.89
-87.81,41.89
-87.81,41.89
-87.81,41.89
-87.81,41.89
-87.81,41.89
-87.81,41.89
-87.81,41.89
-87.81,41.89
-87.81,41.89
-87.81,41.89
-87.81,41.89
-87.81,41.89
-87.81,41.89
-87.81,41.89
-87.81,41.89
-87.81,41.89
-87.81,41.89
-87.81,41.89
-87.81,41.89
-87.81,41.89
-87.81,41.89
-87.81,41.89
-87.81,41.89
-87.81,41.89
-87.81,41.89
-87.81,41.89
-87.81,41.89
-73.2,40.9
-73.2,40.9
-73.2,40.9
-73.2,40.9
-73.2,40.9
-73.2,40.9
-73.2,40.9
-73.2,40.9
-73.2,40.9
-73.2,40.9
-73.2,40.9
-73.2,40.9
-73.2,40.9
-90.41,38.57
-90.41,38.57
-90.41,38.57
-90.41,38.57
-90.41,38.57
-90.41,38.57
-90.41,38.57
-90.41,38.57
-90.41,38.57
-90.41,38.57
-90.41,38.57
-90.41,38.57
-90.41,38.57
-90.41,38.57
-90.41,38.57
-90.41,38.57
-90.41,38.57
-90.41,38.57
-90.41,38.57
-90.41,38.57
-90.41,38.57
-90.41,38.57
-90.41,38.57
-90.41,38.57
-90.41,38.57
-90.41,38.57
-90.41,38.57
-98.47,39.34
-98.47,39.34
-98.47,39.34
-98.47,39.34
-98.47,39.34
-98.47,39.34
-98.47,39.34
-98.47,39.34
-98.47,39.34
-98.47,39.34
-98.47,39.34
-98.47,39.34
-98.47,39.34
-98.47,39.34
-98.47,39.34
-98.47,39.34
-98.47,39.34
-98.47,39.34
-98.47,39.34
-98.47,39.34
-98.47,39.34
-98.47,39.34
-98.47,39.34
-98.47,39.34
-98.47,39.34
-98.47,39.34
-98.47,39.34
-98.47,39.34
-98.47,39.34
-98.47,39.34
-98.47,39.34
-98.47,39.34
-98.47,39.34
-98.47,39.34
-98.47,39.34
-98.47,39.34
-98.47,39.34
-98.47,39.34
-98.47,39.34
-98.47,39.34
-98.47,39.34
-73.38,40.67
-73.38,40.67
-73.38,40.67
-73.38,40.67
-73.38,40.67
-73.38,40.67
-73.38,40.67
-73.38,40.67
-73.38,40.67
-73.38,40.67
-73.38,40.67
-73.38,40.67
-73.38,40.67
-117.03,32.58
-117.03,32.58
-117.03,32.58
-117.03,32.58
-117.03,32.58
-117.03,32.58
-117.03,32.58
-117.03,32.58
-117.03,32.58
-117.03,32.58
-117.03,32.58
-117.03,32.58
-117.03,32.58
-117.03,32.58
-117.03,32.58
-117.03,32.58
-117.03,32.58
-117.03,32.58
-117.03,32.58
-90.34,38.79
-90.34,38.79
-90.34,38.79
-90.34,38.79
-90.34,38.79
-90.34,38.79
-90.34,38.79
-90.34,38.79
-90.34,38.79
-90.34,38.79
-90.34,38.79
-90.34,38.79
-90.34,38.79
-90.34,38.79
-90.34,38.79
-90.34,38.79
-90.34,38.79
-90.34,38.79
-90.34,38.79
-90.34,38.79
-90.34,38.79
-90.34,38.79
-90.34,38.79
-90.34,38.79
-119.67,34.42
-119.67,34.42
-119.67,34.42
-119.67,34.42
-119.67,34.42
-119.67,34.42
-119.67,34.42
-98.52,33.84
-98.52,33.84
-98.52,33.84
-98.52,33.84
-98.52,33.84
-98.52,33.84
-98.52,33.84
-122.3,37.77
-122.3,37.77
-122.3,37.77
-122.3,37.77
-122.3,37.77
-122.3,37.77
-122.3,37.77
-122.3,37.77
-122.3,37.77
-122.3,37.77
-122.3,37.77
-122.3,37.77
-122.3,37.77
-122.3,37.77
-122.3,37.77
-122.3,37.77
-122.3,37.77
-122.3,37.77
-89.73,39.79
-89.73,39.79
-89.73,39.79
-89.73,39.79
-89.73,39.79
-89.73,39.79
-89.73,39.79
-89.73,39.79
-89.73,39.79
-89.73,39.79
-89.73,39.79
-89.73,39.79
-89.73,39.79
-89.73,39.79
-89.73,39.79
-89.73,39.79
-91.55,41.63
-91.55,41.63
-91.55,41.63
-91.55,41.63
-91.55,41.63
-91.55,41.63
-91.55,41.63
-91.55,41.63
-91.55,41.63
-91.55,41.63
-91.55,41.63
-91.55,41.63
-91.55,41.63
-91.55,41.63
-91.55,41.63
-91.55,41.63
-91.55,41.63
-91.55,41.63
-91.55,41.63
-91.55,41.63
-91.55,41.63
-91.55,41.63
-91.55,41.63
-91.55,41.63
-91.55,41.63
-91.55,41.63
-91.55,41.63
-91.55,41.63
-91.55,41.63
-91.55,41.63
-91.55,41.63
-91.55,41.63
-91.55,41.63
-91.55,41.63
-91.55,41.63
-91.55,41.63
-91.55,41.63
-91.55,41.63
-91.55,41.63
-95.4,29.78
-95.4,29.78
-95.4,29.78
-95.4,29.78
-118.31,33.72
-118.31,33.72
-118.31,33.72
-118.31,33.72
-118.31,33.72
-118.31,33.72
-118.31,33.72
-118.31,33.72
-118.31,33.72
-118.31,33.72
-118.31,33.72
-118.31,33.72
-87.95,43.02
-87.95,43.02
-87.95,43.02
-87.95,43.02
-87.95,43.02
-87.95,43.02
-87.95,43.02
-87.95,43.02
-87.95,43.02
-87.95,43.02
-87.95,43.02
-87.95,43.02
-87.95,43.02
-87.95,43.02
-87.95,43.02
-87.95,43.02
-87.95,43.02
-87.95,43.02
-87.95,43.02
-87.95,43.02
-87.95,43.02
-87.95,43.02
-87.95,43.02
-87.95,43.02
-87.95,43.02
-87.95,43.02
-87.95,43.02
-87.95,43.02
-87.95,43.02
-87.95,43.02
-87.95,43.02
-87.95,43.02
-87.95,43.02
-87.95,43.02
-87.95,43.02
-87.95,43.02
-87.95,43.02
-87.95,43.02
-87.95,43.02
-87.95,43.02
-87.95,43.02
-87.95,43.02
-87.95,43.02
-87.95,43.02
-87.95,43.02
-87.95,43.02
-87.95,43.02
-87.95,43.02
-87.95,43.02
-87.95,43.02
-87.95,43.02
-87.95,43.02
-87.95,43.02
-87.95,43.02
-87.95,43.02
-87.95,43.02
-87.95,43.02
-87.95,43.02
-87.95,43.02
-87.95,43.02
-87.95,43.02
-87.95,43.02
-87.95,43.02
-87.95,43.02
-87.95,43.02
-73.52,44.84
-73.52,44.84
-73.52,44.84
-73.52,44.84
-73.52,44.84
-73.52,44.84
-73.52,44.84
-73.52,44.84
-73.52,44.84
-73.52,44.84
-73.52,44.84
-73.52,44.84
-73.52,44.84
-73.52,44.84
-73.52,44.84
-73.08,40.83
-73.08,40.83
-73.08,40.83
-73.08,40.83
-73.08,40.83
-73.08,40.83
-73.08,40.83
-73.08,40.83
-73.08,40.83
-73.08,40.83
-73.08,40.83
-73.08,40.83
-73.08,40.83
-73.08,40.83
-73.08,40.83
-73.08,40.83
-73.08,40.83
-73.08,40.83
-108.56,39.06
-108.56,39.06
-108.56,39.06
-108.56,39.06
-108.56,39.06
-108.56,39.06
-108.56,39.06
-108.56,39.06
-108.56,39.06
-108.56,39.06
-108.56,39.06
-108.56,39.06
-108.56,39.06
-108.56,39.06
-108.56,39.06
-108.56,39.06
-108.56,39.06
-108.56,39.06
-108.56,39.06
-108.56,39.06
-108.56,39.06
-108.56,39.06
-108.56,39.06
-108.56,39.06
-108.56,39.06
-108.56,39.06
-108.56,39.06
-108.56,39.06
-108.56,39.06
-108.56,39.06
-108.56,39.06
-108.56,39.06
-108.56,39.06
-108.56,39.06
-108.56,39.06
-108.56,39.06
-108.56,39.06
-108.56,39.06
-108.56,39.06
-108.56,39.06
-108.56,39.06
-108.56,39.06
-108.56,39.06
-108.56,39.06
-108.56,39.06
-108.56,39.06
-108.56,39.06
-108.56,39.06
-108.56,39.06
-108.56,39.06
-108.56,39.06
-108.56,39.06
-108.56,39.06
-108.56,39.06
-108.56,39.06
-108.56,39.06
-108.56,39.06
-108.56,39.06
-108.56,39.06
-108.56,39.06
-107.42,38.91
-107.42,38.91
-107.42,38.91
-107.42,38.91
-107.42,38.91
-107.42,38.91
-107.42,38.91
-107.42,38.91
-107.42,38.91
-107.42,38.91
-107.42,38.91
-107.42,38.91
-107.42,38.91
-107.42,38.91
-107.42,38.91
-107.42,38.91
-107.42,38.91
-107.42,38.91
-107.42,38.91
-107.42,38.91
-107.42,38.91
-107.42,38.91
-107.42,38.91
-107.42,38.91
-107.42,38.91
-107.42,38.91
-107.42,38.91
-107.42,38.91
-107.42,38.91
-107.42,38.91
-107.42,38.91
-107.42,38.91
-107.42,38.91
-107.42,38.91
-107.42,38.91
-107.42,38.91
-107.42,38.91
-107.42,38.91
-107.42,38.91
-107.42,38.91
-107.42,38.91
-107.42,38.91
-107.42,38.91
-107.42,38.91
-107.42,38.91
-107.42,38.91
-107.42,38.91
-107.42,38.91
-107.42,38.91
-107.42,38.91
-107.42,38.91
-107.42,38.91
-107.42,38.91
-107.42,38.91
-107.42,38.91
-107.42,38.91
-107.42,38.91
-107.42,38.91
-107.42,38.91
-107.42,38.91
-107.42,38.91
-81.89,28.82
-81.89,28.82
-81.89,28.82
-81.89,28.82
-81.89,28.82
-81.89,28.82
-81.89,28.82
-81.89,28.82
-81.89,28.82
-80.6,40.65
-80.6,40.65
-80.6,40.65
-80.6,40.65
-80.6,40.65
-80.6,40.65
-80.6,40.65
-80.6,40.65
-80.6,40.65
-80.6,40.65
-80.6,40.65
-80.6,40.65
-80.6,40.65
-80.6,40.65
-80.6,40.65
-80.6,40.65
-80.6,40.65
-80.6,40.65
-81.92,28.75
-81.92,28.75
-81.92,28.75
-81.92,28.75
-81.92,28.75
-81.92,28.75
-81.92,28.75
-81.92,28.75
-81.92,28.75
-81.92,28.75
-81.92,28.75
-81.92,28.75
-81.92,28.75
-81.92,28.75
-81.92,28.75
-81.92,28.75
-81.92,28.75
-81.92,28.75
-81.92,28.75
-81.92,28.75
-81.92,28.75
-81.92,28.75
-117.27,32.82
-117.27,32.82
-117.27,32.82
-117.27,32.82
-117.27,32.82
-117.27,32.82
-117.27,32.82
-117.27,32.82
-117.27,32.82
-81.91,28.76
-81.91,28.76
-81.91,28.76
-81.91,28.76
-81.91,28.76
-81.91,28.76
-81.91,28.76
-81.91,28.76
-81.91,28.76
-81.91,28.76
-81.91,28.76
-89.71,39.79
-89.71,39.79
-89.71,39.79
-89.71,39.79
-89.71,39.79
-89.71,39.79
-89.71,39.79
-89.71,39.79
-89.71,39.79
-89.71,39.79
-89.71,39.79
-89.71,39.79
-89.71,39.79
-89.71,39.79
-89.71,39.79
-89.71,39.79
-89.71,39.79
-89.71,39.79
-89.71,39.79
-89.71,39.79
-89.71,39.79
-89.71,39.79
-89.71,39.79
-89.71,39.79
-89.71,39.79
-89.71,39.79
-89.71,39.79
-89.71,39.79
-89.71,39.79
-89.71,39.79
-89.71,39.79
-71.17,42.27
-71.17,42.27
-71.17,42.27
-71.17,42.27
-71.17,42.27
-71.17,42.27
-71.17,42.27
-71.17,42.27
-71.17,42.27
-71.17,42.27
-71.17,42.27
-71.17,42.27
-71.17,42.27
-71.17,42.27
-71.17,42.27
-71.17,42.27
-71.17,42.27
-71.17,42.27
-71.17,42.27
-71.17,42.27
-71.17,42.27
-114.09,36.81
-114.09,36.81
-114.09,36.81
-114.09,36.81
-114.09,36.81
-114.09,36.81
-114.09,36.81
-114.09,36.81
-114.09,36.81
-114.09,36.81
-114.09,36.81
-114.09,36.81
-114.09,36.81
-114.09,36.81
-114.09,36.81
-114.09,36.81
-114.09,36.81
-114.09,36.81
-114.09,36.81
-114.09,36.81
-114.09,36.81
-114.09,36.81
-114.09,36.81
-114.09,36.81
-114.09,36.81
-114.09,36.81
-114.09,36.81
-114.09,36.81
-114.09,36.81
-114.09,36.81
-114.09,36.81
-114.09,36.81
-114.09,36.81
-114.09,36.81
-114.09,36.81
-114.09,36.81
-114.09,36.81
-114.09,36.81
-114.09,36.81
-114.09,36.81
-114.09,36.81
-114.09,36.81
-114.09,36.81
-114.09,36.81
-114.09,36.81
-114.09,36.81
-114.09,36.81
-114.09,36.81
-114.09,36.81
-114.09,36.81
-114.09,36.81
-114.09,36.81
-114.09,36.81
-114.09,36.81
-114.09,36.81
-114.09,36.81
-114.09,36.81
-114.09,36.81
-114.09,36.81
-114.09,36.81
-114.09,36.81
-114.09,36.81
-114.09,36.81
-114.09,36.81
-114.09,36.81
-114.09,36.81
-114.09,36.81
-114.09,36.81
-114.09,36.81
-114.09,36.81
-114.09,36.81
-114.09,36.81
-114.09,36.81
-114.09,36.81
-114.09,36.81
-114.09,36.81
-114.09,36.81
-114.09,36.81
-114.09,36.81
-114.09,36.81
-114.09,36.81
-114.09,36.81
-114.09,36.81
-114.09,36.81
-114.09,36.81
-114.09,36.81
-114.09,36.81
-114.09,36.81
-114.09,36.81
-114.09,36.81
-114.09,36.81
-114.09,36.81
-114.09,36.81
-114.09,36.81
-114.09,36.81
-114.09,36.81
-114.09,36.81
-114.09,36.81
-114.09,36.81
-114.09,36.81
-114.09,36.81
-114.09,36.81
-114.09,36.81
-114.09,36.81
-114.09,36.81
-114.09,36.81
-114.09,36.81
-114.09,36.81
-114.09,36.81
-114.09,36.81
-114.09,36.81
-114.09,36.81
-114.09,36.81
-114.09,36.81
-114.09,36.81
-114.09,36.81
-114.09,36.81
-114.09,36.81
-114.09,36.81
-114.09,36.81
-114.09,36.81
-114.09,36.81
-114.09,36.81
-114.09,36.81
-114.09,36.81
-114.09,36.81
-114.09,36.81
-114.09,36.81
-114.09,36.81
-114.09,36.81
-114.09,36.81
-114.09,36.81
-114.09,36.81
-114.09,36.81
-114.09,36.81
-114.09,36.81
-114.09,36.81
-114.09,36.81
-114.09,36.81
-114.09,36.81
-114.09,36.81
-114.09,36.81
-114.09,36.81
-114.09,36.81
-72.67,42.05
-72.67,42.05
-72.67,42.05
-72.67,42.05
-72.67,42.05
-72.67,42.05
-72.67,42.05
-72.67,42.05
-72.67,42.05
-72.67,42.05
-72.67,42.05
-72.67,42.05
-72.67,42.05
-72.67,42.05
-72.67,42.05
-72.67,42.05
-72.67,42.05
-72.67,42.05
-72.67,42.05
-72.67,42.05
-80.39,26.13
-80.39,26.13
-80.39,26.13
-80.39,26.13
-80.39,26.13
-80.39,26.13
-80.39,26.13
-80.39,26.13
-80.39,26.13
-80.39,26.13
-110.82,32.2
-110.82,32.2
-110.82,32.2
-110.82,32.2
-110.82,32.2
-110.82,32.2
-110.82,32.2
-110.82,32.2
-110.82,32.2
-110.82,32.2
-110.82,32.2
-110.82,32.2
-110.82,32.2
-110.82,32.2
-110.82,32.2
-110.82,32.2
-110.82,32.2
-110.82,32.2
-110.82,32.2
-110.82,32.2
-110.82,32.2
-110.82,32.2
-110.82,32.2
-110.82,32.2
-110.82,32.2
-110.82,32.2
-110.82,32.2
-110.82,32.2
-110.82,32.2
-110.82,32.2
-110.82,32.2
-110.82,32.2
-110.82,32.2
-110.82,32.2
-110.82,32.2
-110.82,32.2
-110.82,32.2
-110.82,32.2
-110.82,32.2
-110.82,32.2
-110.82,32.2
-110.82,32.2
-110.82,32.2
-110.82,32.2
-110.82,32.2
-110.82,32.2
-110.82,32.2
-110.82,32.2
-110.82,32.2
-110.82,32.2
-110.82,32.2
-110.82,32.2
-110.82,32.2
-110.82,32.2
-110.82,32.2
-110.82,32.2
-110.82,32.2
-110.82,32.2
-110.82,32.2
-110.82,32.2
-110.82,32.2
-110.82,32.2
-110.82,32.2
-110.82,32.2
-110.82,32.2
-110.82,32.2
-110.82,32.2
-110.82,32.2
-110.82,32.2
-110.82,32.2
-110.82,32.2
-110.82,32.2
-110.82,32.2
-122.23,37.49
-122.23,37.49
-122.23,37.49
-122.23,37.49
-122.23,37.49
-122.23,37.49
-122.23,37.49
-122.23,37.49
-122.23,37.49
-122.23,37.49
-122.23,37.49
-122.23,37.49
-122.23,37.49
-97.67,30.54
-97.67,30.54
-97.67,30.54
-97.67,30.54
-97.67,30.54
-97.67,30.54
-81.31,28.91
-81.31,28.91
-81.31,28.91
-81.31,28.91
-81.31,28.91
-81.31,28.91
-81.31,28.91
-81.31,28.91
-81.31,28.91
-87.65,41.78
-87.65,41.78
-87.65,41.78
-87.65,41.78
-87.65,41.78
-87.65,41.78
-87.65,41.78
-87.65,41.78
-87.65,41.78
-87.65,41.78
-87.65,41.78
-87.65,41.78
-87.65,41.78
-87.65,41.78
-87.65,41.78
-87.65,41.78
-87.65,41.78
-87.65,41.78
-87.65,41.78
-87.65,41.78
-87.65,41.78
-87.65,41.78
-87.65,41.78
-87.65,41.78
-87.65,41.78
-87.65,41.78
-87.65,41.78
-87.65,41.78
-87.65,41.78
-87.65,41.78
-87.65,41.78
-87.65,41.78
-87.65,41.78
-87.65,41.78
-87.65,41.78
-90.51,38.61
-90.51,38.61
-90.51,38.61
-90.51,38.61
-90.51,38.61
-90.51,38.61
-90.51,38.61
-90.51,38.61
-90.51,38.61
-90.51,38.61
-90.51,38.61
-90.51,38.61
-90.51,38.61
-90.51,38.61
-90.51,38.61
-90.51,38.61
-90.51,38.61
-90.51,38.61
-90.51,38.61
-90.51,38.61
-90.51,38.61
-90.51,38.61
-97.68,30.64
-97.68,30.64
-97.68,30.64
-97.68,30.64
-97.68,30.64
-97.68,30.64
-119.0,34.18
-119.0,34.18
-119.0,34.18
-119.0,34.18
-119.0,34.18
-119.0,34.18
-119.0,34.18
-119.0,34.18
-119.0,34.18
-119.0,34.18
-119.0,34.18
-119.0,34.18
-119.0,34.18
-97.75,30.27
-97.75,30.27
-97.75,30.27
-97.75,30.27
-97.75,30.27
-97.75,30.27
-117.27,32.82
-117.27,32.82
-117.27,32.82
-117.27,32.82
-117.27,32.82
-117.27,32.82
-96.71,33.06
-96.71,33.06
-96.71,33.06
-96.71,33.06
-96.71,33.06
-96.71,33.06
-96.71,33.06
-72.68,40.93
-72.68,40.93
-72.68,40.93
-72.68,40.93
-72.68,40.93
-72.68,40.93
-72.68,40.93
-72.68,40.93
-72.68,40.93
-72.68,40.93
-72.68,40.93
-72.68,40.93
-72.68,40.93
-72.68,40.93
-72.68,40.93
-72.68,40.93
-89.67,39.78
-89.67,39.78
-89.67,39.78
-89.67,39.78
-89.67,39.78
-89.67,39.78
-89.67,39.78
-89.67,39.78
-89.67,39.78
-89.67,39.78
-89.67,39.78
-89.67,39.78
-89.67,39.78
-89.67,39.78
-89.67,39.78
-89.67,39.78
-89.67,39.78
-89.67,39.78
-80.25,25.91
-80.25,25.91
-80.25,25.91
-80.25,25.91
-80.25,25.91
-80.25,25.91
-80.25,25.91
-80.25,25.91
-80.25,25.91
-80.25,25.91
-80.25,25.91
-80.25,25.91
-80.25,25.91
-80.25,25.91
-80.25,25.91
-71.09,42.3
-71.09,42.3
-71.09,42.3
-71.09,42.3
-71.09,42.3
-71.09,42.3
-71.09,42.3
-71.09,42.3
-71.09,42.3
-71.09,42.3
-71.09,42.3
-71.09,42.3
-71.09,42.3
-71.09,42.3
-119.71,34.41
-119.71,34.41
-119.71,34.41
-119.71,34.41
-73.21,41.18
-73.21,41.18
-73.21,41.18
-73.21,41.18
-73.21,41.18
-73.21,41.18
-73.21,41.18
-73.21,41.18
-73.21,41.18
-73.21,41.18
-73.21,41.18
-73.21,41.18
-73.21,41.18
-73.21,41.18
-73.21,41.18
-73.21,41.18
-73.21,41.18
-73.21,41.18
-73.21,41.18
-73.21,41.18
-73.21,41.18
-73.21,41.18
-73.21,41.18
-73.21,41.18
-73.21,41.18
-73.21,41.18
-73.21,41.18
-73.21,41.18
-73.21,41.18
-73.21,41.18
-73.21,41.18
-73.21,41.18
-73.21,41.18
-73.21,41.18
-73.21,41.18
-73.21,41.18
-73.21,41.18
-73.21,41.18
-73.21,41.18
-73.21,41.18
-73.21,41.18
-80.41,26.13
-80.41,26.13
-80.41,26.13
-80.41,26.13
-80.41,26.13
-80.41,26.13
-80.41,26.13
-80.41,26.13
-80.41,26.13
-80.41,26.13
-80.41,26.13
-80.41,26.13
-80.41,26.13
-80.41,26.13
-98.54,29.44
-98.54,29.44
-98.54,29.44
-98.54,29.44
-98.54,29.44
-80.41,26.13
-80.41,26.13
-80.41,26.13
-80.41,26.13
-80.41,26.13
-80.41,26.13
-80.41,26.13
-80.41,26.13
-80.41,26.13
-80.41,26.13
-80.41,26.13
-80.41,26.13
-80.41,26.13
-80.41,26.13
-80.41,26.13
-80.41,26.13
-80.41,26.13
-80.41,26.13
-80.41,26.13
-80.41,26.13
-80.41,26.13
-80.41,26.13
-80.41,26.13
-122.4,37.8
-122.4,37.8
-122.4,37.8
-122.4,37.8
-122.4,37.8
-122.4,37.8
-122.4,37.8
-73.94,42.8
-73.94,42.8
-73.94,42.8
-73.94,42.8
-73.94,42.8
-73.94,42.8
-73.94,42.8
-73.94,42.8
-73.94,42.8
-73.94,42.8
-73.94,42.8
-73.94,42.8
-73.94,42.8
-73.94,42.8
-73.94,42.8
-94.77,32.54
-94.77,32.54
-94.77,32.54
-94.77,32.54
-94.77,32.54
-94.77,32.54
-94.77,32.54
-94.77,32.54
-118.38,33.81
-118.38,33.81
-118.38,33.81
-118.38,33.81
-118.38,33.81
-118.38,33.81
-118.38,33.81
-118.38,33.81
-118.38,33.81
-118.38,33.81
-118.38,33.81
-118.38,33.81
-118.38,33.81
-118.38,33.81
-118.38,33.81
-117.9,34.01
-117.9,34.01
-117.9,34.01
-117.9,34.01
-117.9,34.01
-117.9,34.01
-97.33,31.12
-97.33,31.12
-97.33,31.12
-97.33,31.12
-97.33,31.12
-97.33,31.12
-97.33,31.12
-97.33,31.12
-97.33,31.12
-97.33,31.12
-97.33,31.12
-97.33,31.12
-97.33,31.12
-97.33,31.12
-97.33,31.12
-97.33,31.12
-97.33,31.12
-97.33,31.12
-97.33,31.12
-97.33,31.12
-97.33,31.12
-97.33,31.12
-97.33,31.12
-97.33,31.12
-97.33,31.12
-97.33,31.12
-97.33,31.12
-97.33,31.12
-97.33,31.12
-97.33,31.12
-97.33,31.12
-97.33,31.12
-97.33,31.12
-97.33,31.12
-97.33,31.12
-97.33,31.12
-97.33,31.12
-97.33,31.12
-97.33,31.12
-97.33,31.12
-97.33,31.12
-97.33,31.12
-97.33,31.12
-97.33,31.12
-97.33,31.12
-97.33,31.12
-97.33,31.12
-97.33,31.12
-97.33,31.12
-97.33,31.12
-97.33,31.12
-97.33,31.12
-97.33,31.12
-87.92,43.01
-87.92,43.01
-87.92,43.01
-87.92,43.01
-87.92,43.01
-87.92,43.01
-87.92,43.01
-87.92,43.01
-87.92,43.01
-87.92,43.01
-87.92,43.01
-87.92,43.01
-87.92,43.01
-87.92,43.01
-87.92,43.01
-87.92,43.01
-87.92,43.01
-87.92,43.01
-87.92,43.01
-87.92,43.01
-87.92,43.01
-87.92,43.01
-87.92,43.01
-87.92,43.01
-87.92,43.01
-87.92,43.01
-87.92,43.01
-87.92,43.01
-87.92,43.01
-87.92,43.01
-87.92,43.01
-87.92,43.01
-117.19,33.13
-117.19,33.13
-117.19,33.13
-117.19,33.13
-117.19,33.13
-117.19,33.13
-117.19,33.13
-97.64,33.33
-97.64,33.33
-97.64,33.33
-97.64,33.33
-97.64,33.33
-97.64,33.33
-81.49,40.96
-81.49,40.96
-81.49,40.96
-81.49,40.96
-81.49,40.96
-81.49,40.96
-81.49,40.96
-81.49,40.96
-81.49,40.96
-81.49,40.96
-81.49,40.96
-81.49,40.96
-81.49,40.96
-81.49,40.96
-81.49,40.96
-81.49,40.96
-81.49,40.96
-81.49,40.96
-81.49,40.96
-81.49,40.96
-97.51,26.02
-97.51,26.02
-97.51,26.02
-97.51,26.02
-81.37,28.59
-81.37,28.59
-81.37,28.59
-81.37,28.59
-81.37,28.59
-81.37,28.59
-81.37,28.59
-81.37,28.59
-81.37,28.59
-81.37,28.59
-118.38,33.81
-118.38,33.81
-118.38,33.81
-118.38,33.81
-118.38,33.81
-118.38,33.81
-118.38,33.81
-117.26,32.82
-117.26,32.82
-117.26,32.82
-117.26,32.82
-117.26,32.82
-117.26,32.82
-117.26,32.82
-117.26,32.82
-117.26,32.82
-117.26,32.82
-117.26,32.82
-117.26,32.82
-117.26,32.82
-117.26,32.82
-117.26,32.82
-80.42,26.13
-80.42,26.13
-80.42,26.13
-80.42,26.13
-80.42,26.13
-80.42,26.13
-80.42,26.13
-80.42,26.13
-80.42,26.13
-80.42,26.13
-97.73,29.21
-97.73,29.21
-97.73,29.21
-97.73,29.21
-97.73,29.21
-97.73,29.21
-97.73,29.21
-97.73,29.21
-117.79,33.71
-117.79,33.71
-117.79,33.71
-117.79,33.71
-117.79,33.71
-117.79,33.71
-117.79,33.71
-117.79,33.71
-117.79,33.71
-117.79,33.71
-117.79,33.71
-117.79,33.71
-117.79,33.71
-117.79,33.71
-117.79,33.71
-117.79,33.71
-117.79,33.71
-117.79,33.71
-117.79,33.71
-117.79,33.71
-117.79,33.71
-117.79,33.71
-117.79,33.71
-117.79,33.71
-117.79,33.71
-117.79,33.71
-117.79,33.71
-117.79,33.71
-117.79,33.71
-117.79,33.71
-117.79,33.71
-117.79,33.71
-117.79,33.71
-117.79,33.71
-117.79,33.71
-117.79,33.71
-117.79,33.71
-117.79,33.71
-105.12,40.15
-105.12,40.15
-105.12,40.15
-105.12,40.15
-105.12,40.15
-105.12,40.15
-105.12,40.15
-105.12,40.15
-105.12,40.15
-105.12,40.15
-105.12,40.15
-105.12,40.15
-105.12,40.15
-105.12,40.15
-105.12,40.15
-105.12,40.15
-105.12,40.15
-105.12,40.15
-105.12,40.15
-105.12,40.15
-105.12,40.15
-105.12,40.15
-105.12,40.15
-105.12,40.15
-105.12,40.15
-105.12,40.15
-105.12,40.15
-105.12,40.15
-105.12,40.15
-105.12,40.15
-105.12,40.15
-105.12,40.15
-105.12,40.15
-105.12,40.15
-105.12,40.15
-105.12,40.15
-105.12,40.15
-105.12,40.15
-105.12,40.15
-105.12,40.15
-105.12,40.15
-105.12,40.15
-105.12,40.15
-105.12,40.15
-105.12,40.15
-105.12,40.15
-105.12,40.15
-105.12,40.15
-105.12,40.15
-105.12,40.15
-105.12,40.15
-105.12,40.15
-105.12,40.15
-105.12,40.15
-105.12,40.15
-105.12,40.15
-105.12,40.15
-105.12,40.15
-105.12,40.15
-105.12,40.15
-105.12,40.15
-105.12,40.15
-105.12,40.15
-105.12,40.15
-105.12,40.15
-105.12,40.15
-105.12,40.15
-105.12,40.15
-105.12,40.15
-105.12,40.15
-105.12,40.15
-105.12,40.15
-105.12,40.15
-105.12,40.15
-105.12,40.15
-105.12,40.15
-105.12,40.15
-105.12,40.15
-105.12,40.15
-105.12,40.15
-105.12,40.15
-123.11,42.05
-123.11,42.05
-123.11,42.05
-123.11,42.05
-123.11,42.05
-123.11,42.05
-123.11,42.05
-123.11,42.05
-123.11,42.05
-123.11,42.05
-123.11,42.05
-123.11,42.05
-123.11,42.05
-123.11,42.05
-123.11,42.05
-123.11,42.05
-123.11,42.05
-123.11,42.05
-123.11,42.05
-123.11,42.05
-123.11,42.05
-123.11,42.05
-123.11,42.05
-123.11,42.05
-123.11,42.05
-123.11,42.05
-123.11,42.05
-123.11,42.05
-123.11,42.05
-123.11,42.05
-123.11,42.05
-123.11,42.05
-123.11,42.05
-123.11,42.05
-123.11,42.05
-123.11,42.05
-123.11,42.05
-123.11,42.05
-123.11,42.05
-123.11,42.05
-123.11,42.05
-123.11,42.05
-123.11,42.05
-123.11,42.05
-123.11,42.05
-123.11,42.05
-123.11,42.05
-123.11,42.05
-123.11,42.05
-123.11,42.05
-123.11,42.05
-123.11,42.05
-123.11,42.05
-123.11,42.05
-123.11,42.05
-123.11,42.05
-123.11,42.05
-123.11,42.05
-123.11,42.05
-123.11,42.05
-123.11,42.05
-123.11,42.05
-123.11,42.05
-123.11,42.05
-123.11,42.05
-123.11,42.05
-123.11,42.05
-123.11,42.05
-123.11,42.05
-123.11,42.05
-123.11,42.05
-123.11,42.05
-123.11,42.05
-123.11,42.05
-123.11,42.05
-123.11,42.05
-123.11,42.05
-123.11,42.05
-123.11,42.05
-123.11,42.05
-123.11,42.05
-123.11,42.05
-123.11,42.05
-123.11,42.05
-123.11,42.05
-123.11,42.05
-123.11,42.05
-98.93,29.58
-98.93,29.58
-98.93,29.58
-98.93,29.58
-98.93,29.58
-70.89,42.48
-70.89,42.48
-70.89,42.48
-70.89,42.48
-70.89,42.48
-70.89,42.48
-70.89,42.48
-70.89,42.48
-70.89,42.48
-70.89,42.48
-70.89,42.48
-70.89,42.48
-70.89,42.48
-70.89,42.48
-70.89,42.48
-70.89,42.48
-70.89,42.48
-97.7,30.26
-97.7,30.26
-97.7,30.26
-97.7,30.26
-97.7,30.26
